sector,stock_name,stock_code
Services,Liberty LiLAC Group C (LILAK),LILAK
Materials,POSCO (PKX),PKX
Health Care,Hanger Inc. (HGR),HGR
Technology,Voltari Corp. (VLTC),VLTC
Financials,Bank of America WTS B (BAC.WS.B),BAC.WS.B
Financials,Leucadia National Corp. (LUK),LUK
Consumer Staples,Dean Foods (DF),DF
Consumer Goods,Nomad Foods Ltd (NOMD),NOMD
Services,Liberty Media Group CL C (LMCK),LMCK
Consumer Goods,Deswell Industries (DSWL),DSWL
Consumer Discretionary,Group 1 Automotive (GPI),GPI
Consumer Goods,General Motors WTS B (GM.WS.B),GM.WS.B
Consumer Discretionary,Fossil Inc. (FOSL),FOSL
Consumer Goods,Qinqin Foodstuffs Grp (1583.HK),1583.HK
Information Technology,Juniper Networks (JNPR),JNPR
Materials,Kinder Morgan Inc. WTS (KMI.WS),KMI.WS
Services,TriNet Group (TNET),TNET
Technology,Bitauto Holdings Ltd. (BITA),BITA
Financials,"Primerica, Inc. (PRI)",PRI
Consumer Goods,Ambev S.A. (ABEV),ABEV
Financials,Credit Acceptance Corp. (CACC),CACC
Industrials,MSC Industrial Direct (MSM),MSM
Services,Cimpress N.V. (CMPR),CMPR
Services,Visa Inc. (V),V
Financials,CBRE Group (CBG),CBG
Information Technology,Agilent Technologies (A),A
Health Care,Allergan Plc (AGN),AGN
Industrial Goods,ServiceMaster Global Holdings (SERV),SERV
Technology,American Tower Corp. (AMT),AMT
Financials,CME Group (CME),CME
Consumer Discretionary,Harley-Davidson (HOG),HOG
Technology,Alphabet Inc. CL C (GOOG),GOOG
Financials,Intercontinental Exchange Inc. (ICE),ICE
Consumer Goods,Sensata Technologies Holding (ST),ST
Health Care,Zoetis Inc. (ZTS),ZTS
Technology,Alphabet Inc. (GOOGL),GOOGL
Technology,Baidu Inc. (BIDU),BIDU
Financials,Willis Towers Watson Public Ltd (WLTW),WLTW
Materials,Ecolab Inc. (ECL),ECL
Information Technology,Analog Devices (ADI),ADI
Industrial Goods,General Motors WTS A (GM.WS.A),GM.WS.A
Health Care,Quorum Health Corp. (QHC),QHC
Utilities,TerraForm Global Inc. (GLBL),GLBL
Materials,Kayne Anderson MLP Inv Co (KYN),KYN
Consumer Goods,US Foods Holding Corp. (USFD),USFD
Consumer Discretionary,Goodyear Tire & Rubber (GT),GT
Materials,PPG Industries (PPG),PPG
Energy,Kinder Morgan (KMI),KMI
Consumer Discretionary,S&P Global Inc. (SPGI),SPGI
Information Technology,Fidelity National Information Services (FIS),FIS
Services,Twenty-First Century Fox CL B (FOX),FOX
Industrials,Ingersoll-Rand Plc (IR),IR
Financials,WMIH Corp. (WMIH),WMIH
Industrials,Triumph Group Inc. (TGI),TGI
Consumer Discretionary,General Motors (GM),GM
Consumer Staples,Hain Celestial Group (HAIN),HAIN
Information Technology,Western Digital (WDC),WDC
Services,Twenty-First Century Fox (FOXA),FOXA
Materials,Huntsman Corp. (HUN),HUN
Health Care,Community Health Systems (CYH),CYH
Health Care,HCA Inc (HCA),HCA
Utilities,TerraForm Power Inc. (TERP),TERP
Services,HD Supply Holdings (HDS),HDS
Technology,NXP Semiconductors NV (NXPI),NXPI
Utilities,Atlantica Yield plc (ABY),ABY
Industrials,Southwest Airlines (LUV),LUV
Consumer Discretionary,Mohawk Industries (MHK),MHK
Financials,Synchrony Financial (SYF),SYF
Consumer Discretionary,Whirlpool Corp. (WHR),WHR
Financials,Allstate Corp. (ALL),ALL
Industrial Goods,Owens Corning (OC),OC
Materials,Williams Partners LP (WPZ),WPZ
Materials,Energy Transfer Partners LP (ETP),ETP
Consumer Discretionary,News Corp. (NWSA),NWSA
Energy,Weatherford International plc (WFT),WFT
Health Care,Alnylam Pharmaceuticals (ALNY),ALNY
Health Care,Anthem Inc. (ANTM),ANTM
Consumer Discretionary,QVC Group (QVCA),QVCA
Health Care,Medtronic plc (MDT),MDT
Industrials,Danaher Corp. (DHR),DHR
Technology,Dell Technologies Inc. (DVMT),DVMT
Financials,Aegon NV (AEG),AEG
Consumer Discretionary,Coach Inc. (COH),COH
Consumer Discretionary,Target Corp. (TGT),TGT
Consumer Goods,Dish Network Corp. (DISH),DISH
Information Technology,Synopsys Inc. (SNPS),SNPS
Information Technology,Maxim Integrated Prod (MXIM),MXIM
Materials,Concho Resources Inc. (CXO),CXO
Materials,Celanese Corp. (CE),CE
Information Technology,Corning Inc. (GLW),GLW
Technology,VMware Inc. (VMW),VMW
Consumer Discretionary,Johnson Controls Intl. plc (JCI),JCI
Financials,BB&T Corp. (BBT),BBT
Information Technology,Symantec Corp. (SYMC),SYMC
Technology,TE Connectivity (TEL),TEL
Health Care,Merck & Co. (MRK),MRK
Technology,Priceline Group Inc. (PCLN),PCLN
Energy,National Oilwell Varco Inc. (NOV),NOV
Telecommunications Services,Sprint Corp. (S),S
Information Technology,NetApp Inc. (NTAP),NTAP
Industrials,Union Pacific (UNP),UNP
Energy,Anadarko Petroleum (APC),APC
Health Care,Express Scripts (ESRX),ESRX
Health Care,AstraZeneca PLC (AZN),AZN
Health Care,Roche Holding AG ADR (RHHBY),RHHBY
Consumer Staples,Wal-Mart Stores (WMT),WMT
Energy,Baker Hughes (BHI),BHI
Health Care,United Health Group Inc. (UNH),UNH
Health Care,CIGNA Corp. (CI),CI
Financials,American Express (AXP),AXP
Financials,MetLife Inc. (MET),MET
Financials,JPMorgan Chase & Co. (JPM),JPM
Information Technology,Cisco Systems (CSCO),CSCO
Energy,Apache Corp. (APA),APA
Industrials,FedEx Corp. (FDX),FDX
Energy,Schlumberger Ltd. (SLB),SLB
Information Technology,HP Inc. (HPQ),HPQ
Financials,Bank of New York (BK),BK
Health Care,Novartis AG (NVS),NVS
Health Care,Sanofi Aventis (SNY),SNY
Financials,Goldman Sachs Group (GS),GS
Information Technology,Microsoft Corp. (MSFT),MSFT
Consumer Discretionary,Comcast Corp. (CMCSA),CMCSA
Services,Charter Communications (CHTR),CHTR
Financials,Wells Fargo (WFC),WFC
Consumer Discretionary,Time Warner Inc. (TWX),TWX
Financials,Charles Schwab (SCHW),SCHW
Technology,Hewlett Packard Enterprise (HPE),HPE
Financials,Capital One Financial (COF),COF
Financials,State Street Corp. (STT),STT
Industrial Goods,Aggreko Plc (ARGKF),ARGKF
Financials,Bank of America Corp. (BAC),BAC
Consumer Staples,Avon Products (AVP),AVP
Consumer Staples,Hengan International Group Co Ltd. (HEGIF),HEGIF
Energy,ConocoPhillips (COP),COP
Energy,Exxon Mobil Corp. (XOM),XOM
Financials,U.S. Bancorp (USB),USB
Consumer Staples,Sysco Corp. (SYY),SYY
Health Care,Johnson & Johnson (JNJ),JNJ
Consumer Staples,Coca Cola Co. (KO),KO
Information Technology,Oracle Corp. (ORCL),ORCL
Consumer Staples,PepsiCo Inc. (PEP),PEP
Consumer Staples,Procter & Gamble (PG),PG
Services,Sears Hldgs WTS (SHLD.WS),SHLD.WS
Financials,Seritage Growth Properties (SRG),SRG
Services,Sears Hometown & Outlet Stores (SHOS),SHOS
Consumer Discretionary,Sears Canada Inc. (SRSC),SRSC
Technology,Seagate Technology (STX),STX
Consumer Discretionary,Gap Inc. (GPS),GPS
Information Technology,International Bus. Machines (IBM),IBM
Services,Lands End Inc. (LE),LE
Consumer Discretionary,Sears Holdings Corp. (SHLD),SHLD
Consumer Discretionary,AutoNation Inc. (AN),AN
Materials,BP plc (BP),BP
Health Care,GlaxoSmithKline PLC (GSK),GSK
Industrial Goods,China Yuchai Intl Ltd. (CYD),CYD
Services,Ryanair Holdings PLC (RYAAY),RYAAY
Services,Ascent Capital Group (ASCMA),ASCMA
Financials,Bank of America WTS A (BAC.WS.A),BAC.WS.A
Financials,MBIA Inc. (MBI),MBI
Technology,BlackBerry Ltd. (BBRY),BBRY
Services,Overstock.com Inc. (OSTK),OSTK
Industrial Goods,Chicago Bridge & Iron Company (CBI),CBI
Financials,Wells Fargo WTS (WFC.WS),WFC.WS
Financials,Citigroup Inc. (C),C
Technology,Nokia Corp. (NOK),NOK
Financials,JJPMorgan Chase WTS (JPM.WS),JPM.WS
Health Care,Valeant Pharmaceuticals Int'l (VRX),VRX
Consumer Goods,Resolute Forest Products (RFP),RFP
Financials,Berkshire Hathaway CL A (BRK.A),BRK.A
Information Technology,CommScope Holding Co. (COMM),COMM
Industrials,ITT Inc. (ITT),ITT
Industrial Goods,Verifone Systems Inc. (PAY),PAY
Services,Asbury Automotive Group Inc. (ABG),ABG
Consumer Goods,Cooper Tire & Rubber Co. (CTB),CTB
Consumer Discretionary,Tiffany & Co. (TIF),TIF
Industrial Goods,Spirit AeroSystems Holdings Inc. (SPR),SPR
Industrials,Alaska Air Group (ALK),ALK
Technology,IPG Photonics Corp. (IPGP),IPGP
Materials,Eastman Chemical (EMN),EMN
Information Technology,Ingram Micro Inc. (IM),IM
Consumer Discretionary,Harman Int'l Industries (HAR),HAR
Consumer Goods,Owens-Illinois Inc. (OI),OI
Industrials,Robert Half International (RHI),RHI
Industrial Goods,HEICO Corp. (HEI),HEI
Technology,Raven Industries Inc. (RAVN),RAVN
Industrials,Valmont Industries (VMI),VMI
Consumer Goods,Liberty TripAdvisor Hldgs (LTRPA),LTRPA
Services,The Chefs' Warehouse (CHEF),CHEF
Industrials,Copart Inc. (CPRT),CPRT
Financials,Moody's Corp. (MCO),MCO
Technology,TripAdvisor Inc. (TRIP),TRIP
Services,L Brands Inc (LB),LB
Services,Outerwall Inc. (OUTR),OUTR
Financials,Interactive Brokers Group Inc. (IBKR),IBKR
Industrials,NOW Inc. (DNOW),DNOW
Materials,Key Energy Services Inc. (KEG),KEG
Financials,Berkshire Hathaway CL B (BRK.B),BRK.B
Energy,Denbury Resources Inc. (DNR),DNR
Health Care,AmerisourceBergen Corp. (ABC),ABC
Materials,Goldcorp Inc. (GG),GG
Services,PHI Inc. (PHII),PHII
Financials,Cloud Peak Energy Inc. (CLD),CLD
Health Care,Second Sight Medical Products (EYES),EYES
Financials,CK Hutchison Hldgs Ltd. (CKHUY),CKHUY
Materials,Pioneer Energy Services Corp. (PES),PES
Information Technology,Alliance Data Systems (ADS),ADS
Materials,Agnico-Eagle Mines Ltd. (AEM),AEM
Information Technology,Avid Technology (AVID),AVID
Services,Liberty SiriusXM Series C (LSXMK),LSXMK
Services,Reading International Inc. (RDI),RDI
Technology,Maxwell Technologies Inc. (MXWL),MXWL
Energy,Halliburton Co. (HAL),HAL
Health Care,McKesson Corp. (MCK),MCK
Industrial Goods,Powell Industries (POWL),POWL
Energy,Atwood Oceanics Inc. (ATW),ATW
Energy,Devon Energy Corp. (DVN),DVN
Financials,PICO Holdings Inc. (PICO),PICO
Industrial Goods,Orion Group Holdings (ORN),ORN
Financials,Enstar Group Ltd. (ESGR),ESGR
Materials,Seabridge Gold Inc. (SA),SA
Materials,Allegheny Technologies Inc. (ATI),ATI
Materials,Dawson Geophysical Co. (DWSN),DWSN
Services,Era Group Inc. (ERA),ERA
Industrial Goods,Dynamic Materials Corp. (BOOM),BOOM
Energy,Unit Corp. (UNT),UNT
Materials,Comstock Mining (LODE),LODE
Materials,Layne Christensen Co. (LAYN),LAYN
Consumer Discretionary,Discovery Communications Inc. CL C (DISCK),DISCK
Industrial Goods,Colfax Corp. (CFX),CFX
Financials,InterGroup Corp. (INTG),INTG
Materials,Platform Specialty Products Corp. (PAH),PAH
Financials,Howard Hughes Corp. (HHC),HHC
Consumer Staples,Mondelez International (MDLZ),MDLZ
Services,Restaurant Brands International (QSR),QSR
Services,Canadian Pacific Railway (CP),CP
Consumer Discretionary,American Eagle Outfitters (AEO),AEO
Materials,Air Products & Chemicals (APD),APD
Consumer Goods,Fabrinet (FN),FN
Consumer Goods,Essendant Inc. (ESND),ESND
Materials,Newpark Resources Inc. (NR),NR
Services,Scorpio Tankers Inc. (STNG),STNG
Health Care,Pfizer Inc. (PFE),PFE
Financials,Boston Private Financial Holdings (BPFH),BPFH
Services,Murphy USA Inc. (MUSA),MUSA
Information Technology,FLIR Systems (FLIR),FLIR
Consumer Discretionary,Fred's Inc. (FRED),FRED
Consumer Discretionary,Kohl's Corp. (KSS),KSS
Industrials,Universal Forest Products (UFPI),UFPI
Industrials,Kirby Corp. (KEX),KEX
Information Technology,Photronics Inc. (PLAB),PLAB
Financials,Triple-S Management Corp. (GTS),GTS
Financials,First Interstate Bancsystem Inc. (FIBK),FIBK
Consumer Discretionary,PulteGroup Inc. (PHM),PHM
Information Technology,Adtran Inc. (ADTN),ADTN
Financials,Principal Financial Group (PFG),PFG
Health Care,Invacare Corp. (IVC),IVC
Health Care,Owens & Minor (OMI),OMI
Industrials,Emerson Electric (EMR),EMR
Industrial Goods,Boise Cascade Company (BCC),BCC
Industrials,Fluor Corp. (FLR),FLR
Financials,PNC Financial Services (PNC),PNC
Financials,Equity Commonwealth (EQC),EQC
Financials,Washington Federal Inc. (WFSL),WFSL
Financials,Endurance Specialty Holdings Ltd. (ENH),ENH
Utilities,Exelon Corp. (EXC),EXC
Telecommunications Services,AT&T Inc. (T),T
Energy,Hess Corp. (HES),HES
Industrials,Oshkosh Corp. (OSK),OSK
Information Technology,CA Inc. (CA),CA
Utilities,MDU Resources (MDU),MDU
Health Care,Quest Diagnostics (DGX),DGX
Energy,Chesapeake Energy (CHK),CHK
Consumer Goods,Fiat Chrysler Automobiles NV (FCAU),FCAU
Information Technology,Intel Corp. (INTC),INTC
Services,Mastercard Inc. (MA),MA
Technology,LinkedIn Corp. (LNKD),LNKD
Financials,American International Group (AIG),AIG
Industrials,General Electric (GE),GE
Financials,Fidelity National Financial Inc. (FNF),FNF
Financials,American Intl. Grp. WTS (AIG.WS),AIG.WS
Materials,CVR Refining LP (CVRR),CVRR
Financials,St. Joe Co. (JOE),JOE
Industrials,Manitowoc Co. (MTW),MTW
Services,HERC Holdings Inc. (HRI),HRI
Services,Manitowoc Foodservice Inc. (MFS),MFS
Energy,Transocean Inc. (RIG),RIG
Consumer Goods,Navistar International Corp. (NAV),NAV
Technology,Nuance Communications Inc. (NUAN),NUAN
Services,American Railcar Ind. (ARII),ARII
Information Technology,Xerox Corp. (XRX),XRX
Services,Hertz Global Hldgs Inc. (HTZ),HTZ
Health Care,Herbalife Ltd. (HLF),HLF
Materials,CVR Energy Inc. (CVI),CVI
Consumer Goods,Federal-Mogul Holdings Corp. (FDML),FDML
Materials,Freeport-McMoran Inc. (FCX),FCX
Materials,Cheniere Energy Inc. (LNG),LNG
Financials,PayPal Holdings Inc. (PYPL),PYPL
Financials,Icahn Enterprises (IEP),IEP
Information Technology,Zebra Technologies'A' (ZBRA),ZBRA
Industrials,Kennametal Inc. (KMT),KMT
Financials,Progressive Corp. (PGR),PGR
Consumer Discretionary,Bed Bath & Beyond (BBBY),BBBY
Information Technology,Anixter International (AXE),AXE
Materials,Mosaic Co. (MOS),MOS
Materials,Barrick Gold Corp. (ABX),ABX
Consumer Discretionary,Borg Warner Inc. (BWA),BWA
Health Care,St Jude Medical (STJ),STJ
Industrials,Lockheed Martin Corp. (LMT),LMT
Financials,Morgan Stanley (MS),MS
Health Care,Laboratory Corp. of America Hldgs (LH),LH
Financials,KKR & Co. L.P. (KKR),KKR
Consumer Discretionary,Stanley Black & Decker Inc. (SWK),SWK
Information Technology,Western Union Co. (WU),WU
Health Care,Zimmer Biomet Holdings (ZBH),ZBH
Information Technology,Activision Blizzard Inc. (ATVI),ATVI
Services,Liberty Global Inc. C (LBTYK),LBTYK
Consumer Discretionary,CarMax Inc. (KMX),KMX
Materials,EnCana Corp. (ECA),ECA
Industrial Goods,Safran SA (SAFRY),SAFRY
Industrial Goods,LafargeHolcim Ltd. (HCMLF),HCMLF
Energy,Occidental Petroleum (OXY),OXY
Materials,Monsanto Co. (MON),MON
Financials,Markel Corp. (MKL),MKL
Industrials,Tyco International (TYC),TYC
Industrials,United Technologies (UTX),UTX
Consumer Discretionary,Amazon Corp. (AMZN),AMZN
Consumer Discretionary,Lee Enterprises (LEE),LEE
Industrials,United Parcel Service (UPS),UPS
Consumer Goods,Honda Motor Co. Ltd. (HMC),HMC
Technology,Marin Software Inc. (MRIN),MRIN
Industrials,Heartland Express (HTLD),HTLD
Materials,Rosneft Oil (RNFTF),RNFTF
Materials,Gazprom (OGZPY),OGZPY
Financials,Silver Run Acquisition Corp. WTS (SRAQ.WS),SRAQ.WS
Materials,NovaCopper Inc. (NCQ),NCQ
Financials,Citigroup WTS A (C.WS.A),C.WS.A
Health Care,Mylan NV (MYL),MYL
Information Technology,Yahoo Inc. (YHOO),YHOO
Consumer Discretionary,CBS Corp. (CBS),CBS
Financials,Hartford Financial Svc.Gp. (HIG),HIG
Health Care,Celgene Corp. (CELG),CELG
Materials,LyondellBasell Industries (LYB),LYB
Industrials,C.H. Robinson Worldwide (CHRW),CHRW
Industrials,PACCAR Inc. (PCAR),PCAR
Industrials,Boeing Co. (BA),BA
Industrials,Stericycle Inc. (SRCL),SRCL
Financials,Ameriprise Financial Inc. (AMP),AMP
Financials,Discover Financial Services (DFS),DFS
Industrials,Rockwell Automation Inc. (ROK),ROK
Health Care,Alexion Pharmaceuticals Inc. (ALXN),ALXN
Consumer Discretionary,Polo Ralph Lauren Corp. (RL),RL
Financials,American Homes 4 Rent (AMH),AMH
Energy,CONSOL Energy Inc. (CNX),CNX
Consumer Staples,Colgate-Palmolive (CL),CL
Consumer Discretionary,Lowe's Cos. (LOW),LOW
Services,United Continental Holdings (UAL),UAL
Information Technology,QUALCOMM Inc. (QCOM),QCOM
Financials,Realogy Holdings Corp. (RLGY),RLGY
Health Care,Bristol-Myers Squibb (BMY),BMY
Utilities,Calpine Corp. (CPN),CPN
Health Care,BIOGEN IDEC Inc. (BIIB),BIIB
Utilities,AES Corp. (AES),AES
Health Care,Orexigen Therapeutics Inc. (OREX),OREX
Health Care,Kindred Biosciences Inc. (KIN),KIN
Services,Liberty Braves Group A (BATRA),BATRA
Financials,Och Ziff Capital Mgmt Grp LLC (OZM),OZM
Technology,Sunrun Inc. (RUN),RUN
Industrial Goods,Cascadian Therapeutics Inc. (CASC),CASC
Health Care,Paratek Pharmaceuticals (PRTK),PRTK
Financials,Silver Run Acquisition Corp. (SRAQ),SRAQ
Services,Liberty Braves Group C (BATRK),BATRK
Technology,SunEdison Semiconductor Ltd. (SEMI),SEMI
Materials,NovaGold Resources (NG),NG
Industrials,Avis Budget Group Inc. (CAR),CAR
Industrial Goods,KLX Inc. (KLXI),KLXI
Technology,ChipMOS TECH (IMOS),IMOS
Health Care,Forward Pharma A/S (FWP),FWP
Consumer Discretionary,Liberty Ventures (LVNTA),LVNTA
Consumer Goods,Veritiv Corp. (VRTV),VRTV
Health Care,Atara Biotherapeutics Inc. (ATRA),ATRA
Health Care,Theravance Biopharma Inc. (TBPH),TBPH
Health Care,Innoviva Inc. (INVA),INVA
Health Care,Keryx Biopharmaceuticals Inc. (KERX),KERX
Materials,PBF Energy Inc. (PBF),PBF
Materials,Antero Resources (AR),AR
Materials,Olin Corp. (OLN),OLN
Information Technology,Viasat Inc. (VSAT),VSAT
Information Technology,EMC Corp. (EMC),EMC
Technology,Arista Networks Inc. (ANET),ANET
Energy,Pioneer Natural Resources (PXD),PXD
Consumer Discretionary,Sherwin-Williams (SHW),SHW
Information Technology,Electronic Arts (EA),EA
Financials,HDFC Bank Ltd. (HDB),HDB
Materials,Vulcan Materials (VMC),VMC
Information Technology,Adobe Systems (ADBE),ADBE
Health Care,Shire plc (SHPG),SHPG
Consumer Goods,Lululemon Athletica Inc. (LULU),LULU
Consumer Staples,Anheuser-Busch InBev (BUD),BUD
Industrial Goods,TransDigm Group Inc. (TDG),TDG
Industrials,Northrop Grumman Corp. (NOC),NOC
Consumer Goods,Monster Beverage Corp. (MNST),MNST
Services,Ulta Salon Cosmetics & Fragrance (ULTA),ULTA
Services,FleetCor Technologies Inc. (FLT),FLT
Consumer Discretionary,Yum! Brands Inc. (YUM),YUM
Consumer Discretionary,NIKE Inc. (NKE),NKE
Technology,Equinix Inc. (EQIX),EQIX
Consumer Staples,Constellation Brands (STZ),STZ
Technology,Facebook Inc. (FB),FB
Consumer Discretionary,Dollar Tree Inc. (DLTR),DLTR
Services,"Lenta Ltd. (LNTR,L)","LNTR,L"
Materials,MMC Norilsk SP (MNOD.IL),MNOD.IL
Materials,LUKOIL (LUKOY),LUKOY
Financials,Alleghany Corp. (Y),Y
Consumer Goods,Unilever NV (UN),UN
Financials,Legg Mason (LM),LM
Financials,Jardine Strategic Holdings (JDSHF),JDSHF
Financials,LPL Investment Holdings Inc. (LPLA),LPLA
Financials,Nexeo Solutions Inc. (NXEO),NXEO
Financials,Ally Financial Inc. (ALLY),ALLY
Health Care,Thermo Fisher Scientific (TMO),TMO
Industrials,Esterline Technologies (ESL),ESL
Services,WPP Group plc (WPPGY),WPPGY
Industrials,Meggitt PLC (MEGGF),MEGGF
Financials,Groupe Bruxelles Lambert S.A. (GBLBF),GBLBF
Financials,CIT Group (CIT),CIT
Materials,Alcoa Inc. (AA),AA
Financials,Aon Corp. (AON),AON
Technology,Naspers Ltd (NPSNY),NPSNY
Services,Liberty LiLAC Group A (LILA),LILA
Consumer Discretionary,Live Nation Inc. (LYV),LYV
Consumer Discretionary,V.F. Corp. (VFC),VFC
Services,Penske Automotive Group (PAG),PAG
Health Care,Becton Dickinson (BDX),BDX
Health Care,Baxter International Inc. (BAX),BAX
Financials,Brookfield Business Partners LP (BBU),BBU
Services,Liberty Media Group (LMCA),LMCA
Health Care,Bard (C.R.) Inc. (BCR),BCR
Energy,Carbo Ceramics (CRR),CRR
Consumer Goods,Mead Johnson Nutrition Co. (MJN),MJN
Technology,Cable ONE Inc. (CABO),CABO
Consumer Discretionary,Graham Holdings Co. (GHC),GHC
Consumer Staples,Hershey Co. (HSY),HSY
Materials,Praxair Inc. (PX),PX
Services,Liberty Global Inc. (LBTYA),LBTYA
Materials,Synalloy Corp. (SYNL),SYNL
Information Technology,Apple Inc. (AAPL),AAPL
Industrials,CSX Corp. (CSX),CSX
Services,Ritchie Bros. Auctioneers Inc. (RBA),RBA
Consumer Goods,Bunge Ltd. (BG),BG
Industrials,Cummins Inc. (CMI),CMI
Services,Verisk Analytics Inc. (VRSK),VRSK
Technology,Liberty Broadband Corp. CL A (LBRDA),LBRDA
Financials,Apollo Global Management (APO),APO
Industrials,Parker-Hannifin (PH),PH
Consumer Staples,Costco Co. (COST),COST
Financials,Carlyle Group (CG),CG
Health Care,Patterson Cos. Inc. (PDCO),PDCO
Information Technology,Linear Technology Corp. (LLTC),LLTC
Information Technology,Paychex Inc. (PAYX),PAYX
Industrials,Rollins Inc. (ROL),ROL
Technology,CDK Global Inc. (CDK),CDK
Financials,MSCI Inc. (MSCI),MSCI
Services,Liberty Broadband Corp. CL C (LBRDK),LBRDK
Consumer Staples,Brown-Forman Corp. (BF.B),BF.B
Financials,SEI Investments (SEIC),SEIC
Consumer Staples,Philip Morris Intl. (PM),PM
Services,Liberty Sirius XM Series A (LSXMA),LSXMA
Financials,The Blackstone Group (BX),BX
Materials,Core Laboratories NV (CLB),CLB
Information Technology,Texas Instruments (TXN),TXN
Services,Accenture (ACN),ACN
Consumer Discretionary,Discovery Communications Inc. (DISCA),DISCA
Industrials,Norfolk Southern Corp. (NSC),NSC
Financials,Investors Title Co. (ITIC),ITIC
Financials,T. Rowe Price Group (TROW),TROW
Industrials,Caterpillar Inc. (CAT),CAT
Industrials,Watsco Inc. (WSO),WSO
Consumer Staples,CVS Health Corp. (CVS),CVS
Industrials,Illinois Tool Works (ITW),ITW
Information Technology,FactSet Research Systems (FDS),FDS
Services,Oaktree Capital Group LLC Cl A (OAK),OAK
Consumer Discretionary,Hasbro Inc. (HAS),HAS
Industrials,3M Co. (MMM),MMM
Financials,Travelers Companies Inc. (TRV),TRV
Financials,Marsh & McLennan (MMC),MMC
Consumer Staples,BROWN FORMAN Inc. A (BF.A),BF.A
Information Technology,Automatic Data Processing Inc. (ADP),ADP
Financials,BlackRock Inc. (BLK),BLK
Health Care,Novo Nordisk A S (NVO),NVO
Consumer Staples,Archer-Daniels-Midland (ADM),ADM
Industrials,General Dynamics (GD),GD
Financials,WP Carey (WPC),WPC
Consumer Goods,Unilever PLC (UL),UL
Financials,RLI Corp. (RLI),RLI
Industrials,Deere & Co. (DE),DE
Consumer Discretionary,Marriott Int'l. (MAR),MAR
Consumer Discretionary,Home Depot (HD),HD
Consumer Goods,Diageo plc (DEO),DEO
Financials,Brookfield Asset Management Inc. (BAM),BAM
Consumer Discretionary,Walt Disney Co. (DIS),DIS
Consumer Staples,Walgreens Boots Alliance (WBA),WBA
Financials,CenterState Banks (CSFL),CSFL
Industrials,Carlisle Companies (CSL),CSL
Consumer Discretionary,O'Reilly Automotive (ORLY),ORLY
Technology,Nielsen NV (NLSN),NLSN
Financials,Fulton Financial Corp. (FUTL),FUTL
Consumer Discretionary,Mattel Inc. (MAT),MAT
Consumer Discretionary,McDonald's Corp. (MCD),MCD
Consumer Goods,LT Group Inc. (LTG-PS),LTG-PS
Consumer Goods,Groupe Danone (GPDNF),GPDNF
Health Care,Indivior PLC (IZQVF),IZQVF
Consumer Goods,Hanjaya Mandala Sampoerna (PHJMF),PHJMF
Industrials,Cir SPA (CIRPF),CIRPF
Consumer Goods,PZ Cussons PLC (PZCUF),PZCUF
Services,Bollore (BOIVF),BOIVF
Consumer Goods,L'Oreal SA (LRLCF),LRLCF
Services,Lamar Advertising Co. (LAMR),LAMR
Services,AP Moller-Maersk A S (AMKAF),AMKAF
Health Care,Abbott Labs (ABT),ABT
Financials,Eaton Vance Senior Income Trust (EVF),EVF
Services,Pargesa Holding SA (PRGAF),PRGAF
Consumer Discretionary,Cie Financiere Richemont SA (CFRUY),CFRUY
Consumer Goods,Pernod-Ricard SA (PDRDY),PDRDY
Health Care,AbbVie Inc. (ABBV),ABBV
Consumer Staples,Kraft Heinz Co. (KHC),KHC
Materials,Du Pont (E.I.) (DD),DD
Consumer Goods,Lindt & Spruengli AG (COCXF),COCXF
Industrials,Dover Corp. (DOV),DOV
Energy,Chevron Corp. (CVX),CVX
Consumer Goods,BIC SA (BICEF),BICEF
Financials,M&T Bank WTS (MTB.WS),MTB.WS
Consumer Staples,McCormick & Co. (MKC),MKC
Consumer Goods,Reckitt Benckiser Group Plc (RBGPF),RBGPF
Consumer Goods,SABMiller Plc (SBMRY),SBMRY
Materials,Royal Dutch Shell PLC (RDS.A),RDS.A
Consumer Staples,Hormel Foods Corp. (HRL),HRL
Consumer Goods,Heineken NV (HINKY),HINKY
Services,Outfront Media Inc. (OUT),OUT
Industrials,Miller (Herman) (MLHR),MLHR
Industrials,Crane Co. (CR),CR
Consumer Goods,Danone (DANOY),DANOY
Consumer Goods,Swedish Match AB (SWMAF),SWMAF
Consumer Goods,Fomento Economico Mexicano (FMX),FMX
Services,Scripps Networks Interactive Inc. (SNI),SNI
Services,JC Decaux SA ACT (JCDXF),JCDXF
Consumer Discretionary,Swatch Group AG-D (UHR-D),UHR-D
Consumer Goods,British American Tobacco plc (BTI),BTI
Materials,Martin Marietta (MLM),MLM
Consumer Staples,Altria Group Inc. (MO),MO
Consumer Discretionary,Compagnie Financiere Richemont SA (CFRHF),CFRHF
Consumer Goods,Pernod Ricard (PDRDF),PDRDF
Consumer Goods,Heineken Holding NV (HKHHF),HKHHF
Consumer Staples,Nestle (NSRGY),NSRGY
Consumer Goods,Tesla Motors (TSLA),TSLA
Consumer Discretionary,Office Depot (ODP),ODP
Technology,SolarEdge Technologies Inc. (SEDG),SEDG
Technology,Expedia Inc. (EXPE),EXPE
Consumer Discretionary,Staples Inc. (SPLS),SPLS
Consumer Discretionary,AutoZone Inc. (AZO),AZO
Health Care,Seattle Genetics Inc. (SGEN),SGEN
Financials,Covanta Holding Corp. (CVA),CVA
Technology,Zayo Group Holdings Inc. (ZAYO),ZAYO
Industrial Goods,Allison Transmission Holdings (ALSN),ALSN
Technology,T-Mobile US Inc. (TMUS),TMUS
Information Technology,CDW Corp. (CDWC),CDWC
Technology,China Mobile Ltd. (CHL),CHL
Health Care,Phibro Animal Health Corp. (PAHC),PAHC
Financials,Assured Guaranty Ltd. (AGO),AGO
Services,Rentokil Initial plc (RTKOY),RTKOY
Services,Vivendi Universal S.A. (VIVEF),VIVEF
Health Care,Envision Healthcare Holdings (EVHC),EVHC
Health Care,Gilead Sciences (GILD),GILD
Consumer Goods,Kweichow Moutai Co (600519),600519
Industrial Goods,TRI Pointe Group (TPH),TPH
Services,Grand Canyon Education (LOPE),LOPE
Financials,PennyMac Mortgage Investment Trust (PMT),PMT
Financials,Citizens Financial Group Inc. (CFG),CFG
Services,Aramark (ARMK),ARMK
Materials,Enterprise Products Partners LP (EPD),EPD
Materials,International Flav/Frag (IFF),IFF
Utilities,ITC Holdings Corp. (ITC),ITC
Financials,Standard Chartered PLC (SCBFF),SCBFF
Consumer Goods,Kia Motors Corp. (KIMTF),KIMTF
Financials,Muenchener Rueckversicherungs Gesellschaft AG (MURGF),MURGF
Materials,Antofagasta plc (ANFGF),ANFGF
Financials,CNP Assurances (CNPAF),CNPAF
Consumer Discretionary,UniFirst Corp. (UNF),UNF
Financials,National Western Life Insurance (NWLI),NWLI
Energy,EOG Resources (EOG),EOG
Energy,Range Resources Corp. (RRC),RRC
Financials,United Overseas Bank Ltd. (UOVEY),UOVEY
Industrial Goods,MRC Global Inc. (MRC),MRC
Financials,HSBC Holdings plc (HSBC),HSBC
Services,Axel Springer AG (AXELF),AXELF
Consumer Goods,Henkel KGAA (HENKY),HENKY
Consumer Goods,Hyundai Motor Co.  (HYMLF),HYMLF
Financials,Zurich Insurance Group AG (ZFSVF),ZFSVF
Services,Comcast Corp. CL A Spl  (CMCSK),CMCSK
Materials,Total SA (TOT),TOT
Health Care,Roche Holdings AG DIV RT (RHHVF),RHHVF
Technology,Motorola Solutions Inc. (MSI),MSI
Consumer Discretionary,Media General (MEG),MEG
Consumer Goods,WABCO Holdings Inc. (WBC),WBC
Financials,Torchmark Corp. (TMK),TMK
Materials,Suncor Energy Inc. (SU),SU
Materials,Axalta Coating Systems Ltd. (AXTA),AXTA
Financials,M&T Bank Corp. (MTB),MTB
Telecommunications Services,Verizon Communications (VZ),VZ
Industrial Goods,USG Corp. (USG),USG
Information Technology,Verisign Inc. (VRSN),VRSN
Health Care,DaVita HealthCare Partners (DVA),DVA
Materials,Phillips 66 (PSX),PSX
Technology,FLYHT Aerospace Solutions (FLYLF),FLYLF
Information Technology,Vishay Intertechnology (VSH),VSH
Consumer Discretionary,Foot Locker Inc. (FL),FL
Consumer Discretionary,Wendy's Co. (WEN),WEN
Industrials,Pentair plc (PNR),PNR
Services,Adelphia Recovery Trust (ADPAJ),ADPAJ
Technology,NeoPhotonics Corp. (NPTN),NPTN
Consumer Goods,KONINKLIJKE PHILIPS (PHGFF),PHGFF
Services,Dunkin Brands Group (DNKN),DNKN
Consumer Staples,Whole Foods Market (WFM),WFM
Health Care,Amgen (AMGN),AMGN
Consumer Discretionary,Nordstrom (JWN),JWN
Consumer Discretionary,Starbucks Corp. (SBUX),SBUX
Industrial Goods,Cheung Kong Property Hldgs (CHKGF),CHKGF
Industrial Goods,CNH Industrial NV (CNHI),CNHI
Services,Wynn Resorts Ltd. (WYNN),WYNN
Technology,Level 3 Communications Inc. (LVLT),LVLT
Materials,Potash Corp. of Saskatchewan Inc. (POT),POT
Materials,California Resources Corp. (CRC),CRC
Energy,Helmerich & Payne (HP),HP
Industrials,Lindsay Corp. (LNN),LNN
Materials,Flotek Industries Inc. (FTK),FTK
Health Care,Agios Pharmaceuticals Inc. (AGIO),AGIO
Information Technology,Micron Technology (MU),MU
Technology,Barracuda Networks (CUDA),CUDA
Consumer Discretionary,Polaris Industries (PII),PII
Services,Las Vegas Sands Corp. (LVS),LVS
Health Care,Accelerate Diagnostics Inc. (AXDX),AXDX
Health Care,Endologix Inc. (ELGX),ELGX
Health Care,Neurocrine Biosciences Inc. (NBIX),NBIX
Information Technology,Acxiom Corp. (ACXM),ACXM
Technology,Power Integrations Inc. (POWI),POWI
Health Care,Nektar Therapeutics (NKTR),NKTR
Technology,Mellanox Technologies Ltd. (MLNX),MLNX
Consumer Discretionary,Regis Corp. (RGS),RGS
Technology,Fortinet Inc. (FTNT),FTNT
Technology,Silver Spring Networks (SSNI),SSNI
Consumer Discretionary,Dick's Sporting Goods Inc. (DKS),DKS
Technology,Iridium Communications Inc. (IRDM),IRDM
Services,Five Below Inc. (FIVE),FIVE
Services,Cabela's Inc. (CAB),CAB
Industrial Goods,EnerSys (ENS),ENS
Industrial Goods,Clean Harbors Inc. (CLH),CLH
Consumer Discretionary,Select Comfort Corp. (SCSS),SCSS
Materials,Newmont Mining Corp. (NEM),NEM
Financials,Bank of Hawaii Corp. (BOH),BOH
Financials,Rayonier Inc. (RYN),RYN
Technology,Verint Systems Inc. (VRNT),VRNT
Information Technology,Trimble Navigation Ltd. (TRMB),TRMB
Consumer Discretionary,Children's Place (PLCE),PLCE
Consumer Goods,Gildan Activewear Inc. (GIL),GIL
Industrials,Alexander & Baldwin (ALEX),ALEX
Information Technology,NVIDIA Corp. (NVDA),NVDA
Industrial Goods,Xylem Inc. (XYL),XYL
Information Technology,CACI International Inc. (CACI),CACI
Financials,NexPoint Residential Trust (NXRT),NXRT
Services,Arcos Dorados Holdings Inc. (ARCO),ARCO
Consumer Goods,Coca-Cola FEMSA S A CV (KOF),KOF
Services,Grupo Televisa SA (TV),TV
Technology,Crown Castle International Corp. (CCI),CCI
Services,Canadian Natl Railway Co. (CNI),CNI
Industrials,Waste Management Inc. (WM),WM
Financials,Tejon Ranch Co. WTS (TRC.WS),TRC.WS
Industrial Goods,Steel Partners Holdings L.P. (SPLP),SPLP
Services,Barnes & Noble Education Inc. (BNED),BNED
Industrial Goods,Central Steel & Wire (CSTW),CSTW
Services,Cenveo Inc. (CVO),CVO
Energy,Gulf Coast Ultra Deep Royalty Trust (GULTU),GULTU
Technology,ICTC Group (ICTG),ICTG
Consumer Goods,Seaboard Corp. (SEB),SEB
Materials,Permian Basin Royalty Trust (PBT),PBT
Financials,Capital Properties Inc. (CPTP),CPTP
Financials,Vornado Realty Trust (VNO),VNO
Services,BKF Capital Group Inc. (BKFG),BKFG
Financials,Kemper Corp. (KMPR),KMPR
Technology,CIBL Inc. (CIBY),CIBY
Financials,Old Republic International (ORI),ORI
Materials,Hugoton Royalty Trust (HGT),HGT
Financials,GAMCO Investors Inc. (GBL),GBL
Financials,San Juan Basin Royalty Trust (SJT),SJT
Industrial Goods,Hardinge Inc. (HDNG),HDNG
Health Care,Sanofi Rights Issue (GCVRZ),GCVRZ
Materials,Carbon Natural Gas Co. (CRBO),CRBO
Financials,Wright Investors' Service Hldgs (WISH),WISH
Financials,First Guaranty Bancshares (FGBI),FGBI
Financials,BRT Realty Trust (BRT),BRT
Services,William H. Sadlier (SADL),SADL
Industrials,Aerojet Rocketdyne Holdings (AJRD),AJRD
Financials,HomeTrust Bancshares Inc. (HTBI),HTBI
Services,LICT Corp. (LICT),LICT
Financials,SI Financial Group Inc. (SIFI),SIFI
Financials,Gyrodyne LLC (GYRO),GYRO
Financials,Meridian Bancorp Inc. (EBSB),EBSB
Materials,Enable Midstream Partners (ENBL),ENBL
Financials,First Northwest Bancorp (FNWB),FNWB
Financials,Prudential Bancorp Inc. (PBIP),PBIP
Financials,American River Bankshares (AMRB),AMRB
Materials,JP Energy Partners LP (JPEP),JPEP
Financials,Peapack-Gladstone Financial Corp. (PGC),PGC
Industrial Goods,Columbus McKinnon Corp. (CMCO),CMCO
Financials,Highlands Bankshares Inc. (HBSI),HBSI
Financials,MB Bancorp Inc. (MBCQ),MBCQ
Services,Navigator Holdings Ltd. (NVGS),NVGS
Materials,Boardwalk Pipeline Partners LP (BWP),BWP
Financials,MSB Financial Corp. (MSBF),MSBF
Consumer Discretionary,Ruth's Hospitality Group Inc. (RUTH),RUTH
Financials,The Bancorp Inc. (TBBK),TBBK
Services,Belmond Ltd. (BEL),BEL
Financials,Investar Holding Corp. (ISTR),ISTR
Materials,Universal Stainless & Alloy Products Inc. (USAP),USAP
Financials,Northeast Bancorp (NBN),NBN
Financials,Wheeler Real Estate Inv Trust (WHLR),WHLR
Financials,Macerich Co. (MAC),MAC
Financials,Franklin Resources (BEN),BEN
Consumer Goods,Farmer Brothers Co. (FARM),FARM
Materials,"Plains GP Holdings, LP (PAGP)",PAGP
Financials,Chubb Limited (CB),CB
Financials,Investors Bancorp Inc. (ISBC),ISBC
Materials,Axiall Corp. (AXLL),AXLL
Health Care,Allscripts Healthcare Solutions (MDRX),MDRX
Financials,Forest City Enterprises Inc. (FCE.A),FCE.A
Industrial Goods,Advanced Emissions Solutions (ADES),ADES
Financials,Heritage Oaks Bancorp (HEOP),HEOP
Consumer Discretionary,National Presto Ind. (NPK),NPK
Financials,Getty Realty Corp. (GTY),GTY
Financials,Clifton Savings Bancorp Inc. (CSBK),CSBK
Technology,Keysight Technologies Inc. (KEYS),KEYS
Consumer Goods,Crimson Wine Group (CWGL),CWGL
Materials,American Midstream Partners LP (AMID),AMID
Health Care,Ariad Pharmaceuticals Inc. (ARIA),ARIA
Materials,Carrizo Oil & Gas Inc. (CRZO),CRZO
Financials,Popular Inc. (BPOP),BPOP
Financials,VEREIT Inc. (VER),VER
Financials,Towne Bank (TOWN),TOWN
Materials,Westlake Chemical Corp. (WLK),WLK
Materials,Plains All American Pipeline (PAA),PAA
Energy,FMC Technologies (FTI),FTI
Materials,Continental Resources (CLR),CLR
Financials,Tejon Ranch Co. (TRC),TRC
Consumer Goods,S&W Seed Co. (SANW),SANW
Financials,Atlantic Capital Bancshares (ACBI),ACBI
Materials,FMC Corp. (FMC),FMC
Financials,Kearny Financial Corp. (KRNY),KRNY
Materials,Kaiser Aluminum Corp. (KALU),KALU
Financials,Waterstone Financial Inc. (WSBF),WSBF
Health Care,Teva Pharmaceutical Industries Ltd. (TEVA),TEVA
Financials,Trinity Place Holdings (TPHS),TPHS
Industrial Goods,BMC Stock Holdings (BMCH),BMCH
Technology,Dolby Laboratories Inc. (DLB),DLB
Health Care,Boston Scientific (BSX),BSX
Services,AerCap Holdings N.V. (AER),AER
Consumer Goods,Ferrari NV (RACE),RACE
Services,K12 Inc. (LRN),LRN
Information Technology,Lexmark Int'l Inc. (LXK),LXK
Services,New Oriental Education & Technology (EDU),EDU
Technology,Cvent Inc. (CVT),CVT
Materials,Turquoise Hill Resources Ltd. (TRQ),TRQ
Financials,Baldwin & Lyons Inc. CL B (BWINB),BWINB
Industrial Goods,Rayonier Advanced Materials Inc. (RYAM),RYAM
Financials,Kennedy Wilson Holdings Inc. (KW),KW
Materials,EXCO Resources Inc. (XCO),XCO
Consumer Discretionary,Interpublic Group (IPG),IPG
Consumer Discretionary,Hilton Worldwide Holdings (HLT),HLT
Financials,UBS AG (UBS),UBS
Financials,Axis Capital Holdings Ltd. (AXS),AXS
Consumer Discretionary,Ford Motor (F),F
Financials,Regions Financial Corp. (RF),RF
Materials,Cenovus Energy Inc. (CVE),CVE
Energy,Murphy Oil (MUR),MUR
Financials,Voya Financial Inc. (VOYA),VOYA
Services,SeaWorld Entertainment (SEAS),SEAS
Health Care,Universal Health Services Inc. (UHS),UHS
Materials,Sensient Technologies (SXT),SXT
Consumer Discretionary,Omnicom Group (OMC),OMC
Health Care,Charles River Labs (CRL),CRL
Industrials,Brady Corp. (BRC),BRC
Health Care,Stryker Corp. (SYK),SYK
Health Care,Intuitive Surgical Inc. (ISRG),ISRG
Consumer Discretionary,Big Lots Inc. (BIG),BIG
Health Care,Hologic Inc. (HOLX),HOLX
Services,WESCO International Inc. (WCC),WCC
Industrials,JetBlue Airways Corp. (JBLU),JBLU
Consumer Discretionary,Viacom Inc. (VIAB),VIAB
Materials,Packaging Corp. of America (PKG),PKG
Services,DSW Inc. (DSW),DSW
Financials,Fifth Third Bancorp (FITB),FITB
Industrials,Regal-Beloit Corp. (RBC),RBC
Services,Delta Air Lines Inc. (DAL),DAL
Consumer Goods,WestRock Co. (WRK),WRK
Information Technology,eBay Inc. (EBAY),EBAY
Financials,Janus Capital Group (JNS),JNS
Consumer Goods,Delphi Automotive plc (DLPH),DLPH
Services,Dillard Inc. (DDS),DDS
Services,Vitamin Shoppe Inc. (VSI),VSI
Consumer Discretionary,Macy's Inc. (M),M
Services,Greenbrier Companies (GBX),GBX
Financials,Invesco Plc (IVZ),IVZ
Energy,SM Energy Co. (SM),SM
Industrials,Cubic Corp. (CUB),CUB
Consumer Discretionary,Apollo Education Group Inc. (APOL),APOL
Industrials,AGCO Corp. (AGCO),AGCO
Services,Houghton Mifflin Harcourt Co. (HMHC),HMHC
Services,Spirit Airlines (SAVE),SAVE
Energy,Rowan Cos. (RDC),RDC
Information Technology,Veeco Instruments (VECO),VECO
Information Technology,Arrow Electronics (ARW),ARW
Industrial Goods,Babcock & Wilcox Enterprises (BW),BW
Energy,Cimarex Energy Co. (XEC),XEC
Technology,InterDigital Inc. (IDCC),IDCC
Consumer Discretionary,DeVry Education Group Inc. (DV),DV
Consumer Goods,Dana Inc. (DAN),DAN
Services,Aaron's Inc. (AAN),AAN
Information Technology,Avnet Inc. (AVT),AVT
Energy,Noble Energy Inc. (NBL),NBL
Services,TEGNA Inc. (TGNA),TGNA
Energy,Patterson UTI-Energy (PTEN),PTEN
Information Technology,ARRIS International plc (ARRS),ARRS
Materials,Dow Chemical (DOW),DOW
Industrials,Republic Services (RSG),RSG
Consumer Discretionary,Tupperware Brands Corp. (TUP),TUP
Industrials,Eaton Corp. (ETN),ETN
Consumer Discretionary,Gannett Co. (GCI),GCI
Financials,Loews Corp. (L),L
Information Technology,Cognizant Technology Solutions (CTSH),CTSH
Services,Michael Kors Holdings (KORS),KORS
Health Care,Waters Corp. (WAT),WAT
Information Technology,Amphenol Corp. (APH),APH
Consumer Discretionary,TJX Companies Inc. (TJX),TJX
Information Technology,DSP Group (DSPG),DSPG
Health Care,Affimed NV (AFMD),AFMD
Services,Golar LNG Ltd. (GLNG),GLNG
Financials,American Capital Ltd. (ACAS),ACAS
Financials,AllianceBernstein Holdings LP (AB),AB
Materials,Bellatrix Exploration Ltd. (BXE),BXE
Financials,DoubleLine Income Solutions (DSL),DSL
Services,Teekay Tankers Ltd (TNK),TNK
Services,Rush Enterprises Inc. - CL B (RUSHB),RUSHB
Services,Dynagas LNG Partners LP (DLNG),DLNG
Financials,Annaly Capital Management Inc. (NLY),NLY
Services,GasLog Partners LP (GLOP),GLOP
Services,Golar LNG Partners LP (GMLP),GMLP
Technology,Universal Display Corp. (PANL),PANL
Materials,Rex Energy Corp. (REX),REX
Services,Allegiant Travel Company (ALGT),ALGT
Industrial Goods,WCI Communities Inc. (WCIC),WCIC
Telecommunications Services,NeuStar Inc. (NSR),NSR
Services,Rush Enterprises Inc. (RUSHA),RUSHA
Health Care,Lannett Inc. (LCI),LCI
Consumer Discretionary,Hanesbrands Inc. (HBI),HBI
Technology,ON Semiconductor Corp. (ON),ON
Technology,21Vianet Group Inc. (VNET),VNET
Consumer Goods,American Axle & Manufacturing Holdings (AXL),AXL
Technology,Check Point Software Technologies (CHKP),CHKP
Financials,"THL Credit, Inc. (TCRD)",TCRD
Financials,Astoria Financial (AF),AF
Materials,Eco-Stim Energy Solutions (ESES),ESES
Financials,BOK Financial Corp. (BOKF),BOKF
Services,The Madison Square Garden Co. (MSG),MSG
Consumer Goods,GoPro Inc. (GPRO),GPRO
Financials,PrairieSky Royalty Ltd. (PREKF),PREKF
Technology,Oi SA (OIBR),OIBR
Technology,Yandex N.V. (YNDX),YNDX
Services,Capital Product Partners LP (CPLP),CPLP
Technology,Mobile Telesystems (MBT),MBT
Materials,Vale SA (VALE),VALE
Materials,Par Pacific Holdings (PARR),PARR
Technology,Blucora Inc. (BCOR),BCOR
Technology,Infosys Ltd. (INFY),INFY
Technology,VimpelCom Ltd. (VIP),VIP
Consumer Goods,Nacco Industries (NC),NC
Materials,Ingevity Corp. (NGVT),NGVT
Services,Eagle Bulk Shipping (EGLE),EGLE
Services,Townsquare Media Inc. (TSQ),TSQ
Materials,CNOOC Ltd. (CEO),CEO
Technology,Telecom Argentina S.A. (TEO),TEO
Materials,Contango Oil & Gas Co. (MCF),MCF
Financials,Banco Santander-Chile (BSAC),BSAC
Materials,Gerdau S.A. (GGB),GGB
Materials,AngloGold Ashanti Ltd. (AU),AU
Technology,Telefonica Brasil (VIV),VIV
Consumer Goods,BRF S.A. (BRFS),BRFS
Financials,ICICI Bank Ltd. (IBN),IBN
Industrial Goods,Century Communities Inc. (CCS),CCS
Technology,JD.com Inc. (JD),JD
Financials,NMI Holdings (NMIH),NMIH
Technology,Trina Solar Ltd. (TSL),TSL
Financials,MGIC Investment (MTG),MTG
Industrial Goods,Cemex (CX),CX
Technology,Taiwan Semiconductor S.A. (TSM),TSM
Utilities,Dynegy Inc. (DYN),DYN
Services,Star Bulk Carriers Corp. (SBLK),SBLK
Services,Gener8 Maritime Inc. (GNRT),GNRT
Financials,Banner Corp. (BANR),BANR
Financials,First BanCorp. (FBP),FBP
Services,Tribune Media Co. (TRCO),TRCO
Materials,Imperial Oil Ltd. (IMO),IMO
Materials,Deltic Timber (DEL),DEL
Materials,Randgold Resources Ltd. (GOLD),GOLD
Services,tronc Inc. (TRNC),TRNC
Materials,Tahoe Resources Inc. (TAHO),TAHO
Energy,SEACOR Holdings Inc. (CKH),CKH
Materials,Canadian Natural Resources (CNQ),CNQ
Consumer Discretionary,Block H&R (HRB),HRB
Technology,CommVault Systems Inc. (CVLT),CVLT
Information Technology,Comtech Telecommunications (CMTL),CMTL
Materials,Royal Gold Inc. (RGLD),RGLD
Materials,Franco Nevada Corp. (FNNVF),FNNVF
Information Technology,F5 Networks (FFIV),FFIV
Financials,Cincinnati Financial (CINF),CINF
Industrials,Timken Co. (TKR),TKR
Financials,Brown & Brown Inc. (BRO),BRO
Consumer Goods,Vista Outdoor Inc. (VSTO),VSTO
Utilities,UGI Corp. (UGI),UGI
Industrials,Grainger (W.W.) Inc. (GWW),GWW
Health Care,Varian Medical Systems (VAR),VAR
Materials,Scotts Miracle-Gro Co. (SMG),SMG
Materials,Newcrest Mining Ltd. (NCMGY),NCMGY
Financials,W.R. Berkley Corp. (WRB),WRB
Industrials,Cintas Corp. (CTAS),CTAS
Information Technology,Xilinx Inc. (XLNX),XLNX
Industrials,Orbital ATK Inc. (OA),OA
Information Technology,Teradata Corp. (TDC),TDC
Industrials,Flowserve Corp. (FLS),FLS
Materials,Weyerhaeuser Corp. (WY),WY
Consumer Goods,Armstrong Flooring Inc. (AFI),AFI
Industrials,Trinity Industries (TRN),TRN
Industrial Goods,Armstrong World Industries Inc. (AWI),AWI
Financials,Zillow Group Inc. (Z),Z
Technology,Fitbit Inc. (FIT),FIT
Services,Amaya Inc. (AYA),AYA
Materials,GCP Applied Technologies Inc. (GCP),GCP
Energy,Williams Cos. (WMB),WMB
Materials,Oasis Petroleum Inc. (OAS),OAS
Materials,Gulfport Energy Corp. (GPOR),GPOR
Technology,Ambarella Inc. (AMBA),AMBA
Health Care,BioMarin Pharmaceutical Inc. (BMRN),BMRN
Services,TransUnion (TRU),TRU
Energy,Southwestern Energy (SWN),SWN
Consumer Discretionary,Netflix Inc. (NFLX),NFLX
Services,Allegion Plc (ALLE),ALLE
Technology,IHS Inc. (IHS),IHS
Materials,WR Grace & Co. (GRA),GRA
Information Technology,Autodesk Inc. (ADSK),ADSK
Financials,Houlihan Lokey Inc. (HLI),HLI
Consumer Discretionary,International Speedway (ISCA),ISCA
Financials,Jones Lang Lasalle Inc. (JLL),JLL
Services,MSG Networks Inc. (MSGN),MSGN
Energy,Bristow Group Inc. (BRS),BRS
Technology,Bio-Rad Laboratories Inc. (BIO),BIO
Consumer Discretionary,Snap-On Inc. (SNA),SNA
Consumer Staples,Smucker (J.M.) (SJM),SJM
Financials,Lazard Ltd. (LAZ),LAZ
Financials,First Amer'n Corp. (FAF),FAF
Financials,Northern Trust Corp. (NTRS),NTRS
Financials,AFLAC Inc. (AFL),AFL
Financials,First Niagara Financial Group (FNFG),FNFG
Financials,Landmark Bancorp Inc. (LARK),LARK
Financials,SLM Corp. (SLM),SLM
Technology,Zedge Inc. (ZDGE),ZDGE
Financials,Navient Corp. (NAVI),NAVI
Materials,Genie Energy Ltd. (GNE),GNE
Services,IDW Media Holdings (IDWM),IDWM
Consumer Discretionary,VOXX International Corp. (VOXX),VOXX
Technology,Straight Path Communications (STRP),STRP
Technology,IDT Corp. CL B (IDT),IDT
Financials,Sterling Bancorp (STL),STL
Technology,Nam Tai Property Inc. (NTP),NTP
Health Care,MacroGenics Inc. (MGNX),MGNX
Financials,New York Community Bancorp (NYCB),NYCB
Consumer Discretionary,New York Times Cl. A (NYT),NYT
Services,American Airlines Group Inc. (AAL),AAL
Industrials,ManpowerGroup (MAN),MAN
Technology,YY Inc. (YY),YY
Health Care,Aetna Inc. (AET),AET
Consumer Goods,Carters Inc. (CRI),CRI
Services,TAL Education Group (XRS),XRS
Technology,NetEase.com Inc. (NTES),NTES
Technology,Qihoo 360 Technology (QIHU),QIHU
Services,Intercontinental Hotels Group plc (IHG),IHG
Information Technology,Citrix Systems (CTXS),CTXS
Industrials,Smith (A.O.) (AOS),AOS
Services,Express Inc. (EXPR),EXPR
Technology,Jazz Technologies Inc. (JAZ),JAZ
Information Technology,Cadence Design Systems (CDNS),CDNS
Utilities,Companhia de Saneamento (SBS),SBS
Services,China Lodging Group (HTHT),HTHT
Financials,Grupo Financiero Galicia S.A. (GGAL),GGAL
Financials,Banco Macro S.A. (BMA),BMA
Technology,MicroStrategy Inc. (MSTR),MSTR
Technology,Yelp (YELP),YELP
Consumer Discretionary,Sonic Corp. (SONC),SONC
Services,Starz (STRZA),STRZA
Services,Virgin America Inc. (VA),VA
Health Care,United Therapeutics Corp. (UTHR),UTHR
Materials,Sealed Air Corp. (SEE),SEE
Services,Sprouts Farmers Market Inc. (SFM),SFM
Materials,Tesoro Corp. (TSO),TSO
Consumer Goods,Cooper Standard Holdings Inc. (CPS),CPS
Industrials,Expeditors Int'l (EXPD),EXPD
Consumer Goods,Kate Spade & Co. (KATE),KATE
Health Care,Edwards Lifesciences Corp. (EW),EW
Information Technology,KLA-Tencor Corp. (KLAC),KLAC
Services,Nexstar Broadcasting Group (NXST),NXST
Consumer Discretionary,Abercrombie & Fitch Co. (ANF),ANF
Consumer Discretionary,Lear Corp. (LEA),LEA
Health Care,Medivation (MDVN),MDVN
Health Care,Myriad Genetics Inc. (MYGN),MYGN
Energy,Valero Energy (VLO),VLO
Technology,WebMD Health Corp. (WBMD),WBMD
Industrials,Leidos Holdings (LDOS),LDOS
Consumer Discretionary,Ross Stores (ROST),ROST
Consumer Staples,Tyson Foods (TSN),TSN
Technology,Castlight Health Inc. (CSLT),CSLT
Consumer Discretionary,Williams-Sonoma Inc. (WSM),WSM
Industrials,Kansas City Southern (KSU),KSU
Technology,LM Ericsson Telephone (ERIC),ERIC
Health Care,Pacific Biosciences of California (PACB),PACB
Consumer Discretionary,Jack in the Box (JBX),JBX
Consumer Discretionary,Newell Brands Inc. (NWL),NWL
Financials,Radian Group (RDN),RDN
Information Technology,Computer Sciences Corp. (CSC),CSC
Industrials,Waste Connections (WCN),WCN
Information Technology,Lam Research (LRCX),LRCX
Technology,Sabre Corp. (SABR),SABR
Financials,NorthStar Realty Finance Corp. (NRF),NRF
Financials,MVC Capital Inc. (MVC),MVC
Materials,Hi-Crush Partners LP (HCLP),HCLP
Services,MDC Partners Inc. (MDCA),MDCA
Financials,Arbor Realty Trust Inc. (ABR),ABR
Energy,TETRA Technologies (TTI),TTI
Materials,Eclipse Resources Corp. (ECR),ECR
Consumer Staples,Performance Food Group (PFGC),PFGC
Consumer Goods,Blue Buffalo Pet Products (BUFF),BUFF
Financials,Affiliated Managers Group (AMG),AMG
Services,Nordic American Offshore Ltd. (NAO),NAO
Financials,Landcadia Holdings Inc. (LCAHU),LCAHU
Consumer Goods,Berry Plastics Group (BERY),BERY
Energy,Nabors Industries Ltd. (NBR),NBR
Financials,FCB Financial Holdings Inc. (FCB),FCB
Financials,Ellington Financial LLC (EFC),EFC
Materials,Silver Wheaton Corp. (SLW),SLW
Financials,PennyMac Financial Services (PFSI),PFSI
Financials,New Senior Investment Group (SNR),SNR
Materials,Ball Corp. (BLL),BLL
Materials,Targa Resources Corp. (TRGP),TRGP
Services,New Media Investment Group (NEWM),NEWM
Services,Altisource Portfolio Solutions S.A. (ASPS),ASPS
Technology,Loral Space & Communications (LORL),LORL
Services,MGM Resorts International (MGM),MGM
Financials,New Residential Investment Corp. (NRZ),NRZ
Financials,OneMain Holdings (OMF),OMF
Financials,E*Trade Financial Corp. (ETFC),ETFC
Consumer Goods,HRG Group Inc. (HRG),HRG
Financials,Chimera Investment Corp. (CIM),CIM
Materials,Ashland Inc. (ASH),ASH
Information Technology,First Data (FDC),FDC
Consumer Discretionary,PVH Corp. (PVH),PVH
Technology,Xura Inc. (MESG),MESG
Technology,Momo Inc. (MOMO),MOMO
Industrials,Terex Corp. (TEX),TEX
Technology,Sina Corp. (SINA),SINA
Health Care,Alere Inc. (ALR),ALR
Consumer Goods,Under Armour CL C (UA.C),UA.C
Materials,Syngenta (SYT),SYT
Utilities,Westar Energy Inc. (WR),WR
Materials,BHP Billiton Ltd. (BHP),BHP
Financials,Northstar Asset Management Grp (NSAM),NSAM
Services,Rite Aid Corp. (RAD),RAD
Consumer Goods,Crown Holdings (CCK),CCK
Industrials,Ametek Inc. (AME),AME
Industrial Goods,Proto Labs Inc. (PRLB),PRLB
Industrial Goods,Generac Holdings Inc. (GNRC),GNRC
Technology,NVE Corp. (NVEC),NVEC
Industrials,G & K Services Cl A (GKSR),GKSR
Financials,Great Western Bancorp (GWB),GWB
Technology,Stratasys Ltd. (SSYS),SSYS
Financials,Associated Banc-Corp. (ASB),ASB
Technology,Badger Meter Inc. (BMI),BMI
Technology,Cray Inc. (CRAY),CRAY
Information Technology,Fiserv Inc. (FISV),FISV
Industrials,Fastenal (FAST),FAST
Health Care,Bio-Techne Corp. (TECH),TECH
Materials,Valspar Corp. (VAL),VAL
Materials,Fuller (H.B.) Co. (FUL),FUL
Consumer Staples,General Mills (GIS),GIS
Industrials,Toro Co. (TTC),TTC
Industrials,Donaldson Co. (DCI),DCI
Materials,Bemis Co. (BMS),BMS
Industrials,Graco Inc. (GGG),GGG
Industrials,Honeywell Int'l Inc. (HON),HON
Materials,EnLink Midstream LLC (ENLC),ENLC
Utilities,EQT Corp. (EQT),EQT
Energy,Tidewater Inc. (TDW),TDW
Financials,TICC Capital Corp. (TICC),TICC
Services,Global Eagle Entertainment (ENT),ENT
Technology,Enphase Energy Inc. (ENPH),ENPH
Technology,Apigee Corp. (APIC),APIC
Financials,Grupo Supervielle S.A. (SUPV),SUPV
Information Technology,ANSYS Inc. (ANSS),ANSS
Services,Duluth Holdings Inc. (DLTH),DLTH
Services,Clear Channel Outdoor Holdings (CCO),CCO
Technology,Alarm.Com Holdings (ALRM),ALRM
Financials,Diamond Hill Investment Group Inc. (DHIL),DHIL
Consumer Goods,Primo Water Corp. (PRMW),PRMW
Financials,TD Ameritrade Holding Corp. (AMTD),AMTD
Consumer Goods,Monro Muffler Brake Inc. (MNRO),MNRO
Consumer Discretionary,LKQ Corp. (LKQ),LKQ
Industrial Goods,Fortive Corp. (FTV),FTV
Technology,Ubiquiti Networks (UBNT),UBNT
Technology,SBA Communications Corp. (SBAC),SBAC
Industrials,Roper Industries (ROP),ROP
Energy,Marathon Oil Corp. (MRO),MRO
Financials,Green Brick Partners (GRBK),GRBK
Materials,Whiting Petroleum Corp. (WLL),WLL
Information Technology,Harris Corp. (HRS),HRS
Consumer Goods,Coca-Cola European Partners Plc (CCE),CCE
Consumer Staples,Molson Coors Brewing Co. (TAP),TAP
Consumer Discretionary,Sotheby's (BID),BID
Services,AMERCO (UHAL),UHAL
Technology,Vodafone Group PLC (VOD),VOD
Health Care,Perrigo Co. (PRGO),PRGO
Materials,CNX Coal Resources LP (CNXC),CNXC
Consumer Discretionary,IAC/InterActive Corp. (IAC),IAC
Health Care,Humana Inc. (HUM),HUM
Services,AECOM Technology Corp. (ACM),ACM
Information Technology,Take-Two Interactive Software (TTWO),TTWO
Financials,Hatteras Financial Corp. (HTS),HTS
Materials,Chemours Co. (CC),CC
Utilities,Avangrid Inc. (AGR),AGR
Information Technology,MoneyGram International (MGI),MGI
Financials,Opus Bank (OPB),OPB
Consumer Discretionary,Barnes & Noble (BKS),BKS
Industrials,Emcor Group (EME),EME
Financials,Hiscox Ltd. (HCXLF),HCXLF
Materials,Croda International (COIHF),COIHF
Services,Chipotle Mexican Grill Inc. (CMG),CMG
Industrials,Jacobs Engineering Group (JEC),JEC
Health Care,DENTSPLY International Inc. (XRAY),XRAY
Technology,Constellation Software Inc. (CNSWF),CNSWF
Industrial Goods,Rolls Royce Holdings plc (RYCEF),RYCEF
Financials,Manning & Napier (MN),MN
Utilities,Consolidated Edison (ED),ED
Utilities,Ameren Corp. (AEE),AEE
Information Technology,Applied Materials (AMAT),AMAT
Technology,Flextronics International Ltd. (FLEX),FLEX
Materials,International Paper (IP),IP
